{
	"IcoMoonType": "selection",
	"icons": [
		{
			"icon": {
				"paths": [
					"M810 470v-86h-170v-170h-86v170h-170v86h170v170h86v-170h170zM854 86q34 0 59 25t25 59v512q0 34-25 60t-59 26h-512q-34 0-60-26t-26-60v-512q0-34 26-59t60-25h512zM170 256v598h598v84h-598q-34 0-59-25t-25-59v-598h84z"
				],
				"attrs": [
					{}
				],
				"isMulticolor": false,
				"tags": [
					"library_add"
				],
				"defaultCode": 57363,
				"grid": 24
			},
			"attrs": [
				{}
			],
			"properties": {
				"order": 52,
				"id": 19,
				"prevSize": 24,
				"code": 57363,
				"name": "library_add",
				"ligatures": "library_add"
			},
			"setIdx": 0,
			"setId": 25,
			"iconIdx": 19
		},
		{
			"icon": {
				"paths": [
					"M170 470v84h86v-84h-86zM86 598v-172h852v172h-852zM256 298v-84h-86v84h86zM86 170h852v172h-852v-172zM170 726v84h86v-84h-86zM86 854v-172h852v172h-852z"
				],
				"attrs": [
					{}
				],
				"isMulticolor": false,
				"tags": [
					"storage"
				],
				"defaultCode": 57532,
				"grid": 24
			},
			"attrs": [
				{}
			],
			"properties": {
				"order": 57,
				"id": 188,
				"prevSize": 24,
				"code": 57532,
				"name": "storage",
				"ligatures": "storage"
			},
			"setIdx": 0,
			"setId": 25,
			"iconIdx": 188
		},
		{
			"icon": {
				"paths": [
					"M746 512q26 0 45-18t19-46-19-46-45-18-45 18-19 46 19 46 45 18zM618 342q26 0 45-19t19-45-19-45-45-19-45 19-19 45 19 45 45 19zM406 342q26 0 45-19t19-45-19-45-45-19-45 19-19 45 19 45 45 19zM278 512q26 0 45-18t19-46-19-46-45-18-45 18-19 46 19 46 45 18zM512 128q158 0 271 100t113 242q0 88-63 150t-151 62h-74q-28 0-46 19t-18 45q0 22 16 42t16 44q0 28-18 46t-46 18q-160 0-272-112t-112-272 112-272 272-112z"
				],
				"attrs": [
					{}
				],
				"isMulticolor": false,
				"tags": [
					"color_lens"
				],
				"defaultCode": 57676,
				"grid": 24
			},
			"attrs": [
				{}
			],
			"properties": {
				"order": 58,
				"id": 332,
				"prevSize": 24,
				"code": 57676,
				"name": "color_lens",
				"ligatures": "color_lens"
			},
			"setIdx": 0,
			"setId": 25,
			"iconIdx": 332
		},
		{
			"icon": {
				"paths": [
					"M726 666l-154-154 154-154-60-60-154 154-154-154-60 60 154 154-154 154 60 60 154-154 154 154zM512 86q176 0 301 125t125 301-125 301-301 125-301-125-125-301 125-301 301-125z"
				],
				"attrs": [
					{}
				],
				"isMulticolor": false,
				"tags": [
					"cancel"
				],
				"defaultCode": 57861,
				"grid": 24
			},
			"attrs": [
				{}
			],
			"properties": {
				"order": 43,
				"id": 517,
				"prevSize": 24,
				"code": 57861,
				"name": "cancel2",
				"ligatures": "cancel"
			},
			"setIdx": 0,
			"setId": 25,
			"iconIdx": 517
		},
		{
			"icon": {
				"paths": [
					"M658 316l-196 196 196 196-60 60-256-256 256-256z"
				],
				"attrs": [
					{}
				],
				"isMulticolor": false,
				"tags": [
					"chevron_left"
				],
				"defaultCode": 57863,
				"grid": 24
			},
			"attrs": [
				{}
			],
			"properties": {
				"order": 46,
				"id": 519,
				"prevSize": 24,
				"code": 57863,
				"name": "chevron_left",
				"ligatures": "chevron_left"
			},
			"setIdx": 0,
			"setId": 25,
			"iconIdx": 519
		},
		{
			"icon": {
				"paths": [
					"M426 256l256 256-256 256-60-60 196-196-196-196z"
				],
				"attrs": [
					{}
				],
				"isMulticolor": false,
				"tags": [
					"chevron_right"
				],
				"defaultCode": 57864,
				"grid": 24
			},
			"attrs": [
				{}
			],
			"properties": {
				"order": 47,
				"id": 520,
				"prevSize": 24,
				"code": 57864,
				"name": "chevron_right",
				"ligatures": "chevron_right"
			},
			"setIdx": 0,
			"setId": 25,
			"iconIdx": 520
		},
		{
			"icon": {
				"paths": [
					"M810 274l-238 238 238 238-60 60-238-238-238 238-60-60 238-238-238-238 60-60 238 238 238-238z"
				],
				"attrs": [
					{}
				],
				"isMulticolor": false,
				"tags": [
					"close"
				],
				"defaultCode": 57865,
				"grid": 24
			},
			"attrs": [
				{}
			],
			"properties": {
				"order": 42,
				"id": 521,
				"prevSize": 24,
				"code": 57865,
				"name": "close",
				"ligatures": "close"
			},
			"setIdx": 0,
			"setId": 25,
			"iconIdx": 521
		},
		{
			"icon": {
				"paths": [
					"M512 342l256 256-60 60-196-196-196 196-60-60z"
				],
				"attrs": [
					{}
				],
				"isMulticolor": false,
				"tags": [
					"expand_less"
				],
				"defaultCode": 57866,
				"grid": 24
			},
			"attrs": [
				{}
			],
			"properties": {
				"order": 49,
				"id": 522,
				"prevSize": 24,
				"code": 57866,
				"name": "expand_less",
				"ligatures": "expand_less"
			},
			"setIdx": 0,
			"setId": 25,
			"iconIdx": 522
		},
		{
			"icon": {
				"paths": [
					"M708 366l60 60-256 256-256-256 60-60 196 196z"
				],
				"attrs": [
					{}
				],
				"isMulticolor": false,
				"tags": [
					"expand_more"
				],
				"defaultCode": 57867,
				"grid": 24
			},
			"attrs": [
				{}
			],
			"properties": {
				"order": 50,
				"id": 523,
				"prevSize": 24,
				"code": 57867,
				"name": "expand_more",
				"ligatures": "expand_more"
			},
			"setIdx": 0,
			"setId": 25,
			"iconIdx": 523
		},
		{
			"icon": {
				"paths": [
					"M128 256h768v86h-768v-86zM128 554v-84h768v84h-768zM128 768v-86h768v86h-768z"
				],
				"attrs": [
					{}
				],
				"isMulticolor": false,
				"tags": [
					"menu"
				],
				"defaultCode": 57870,
				"grid": 24
			},
			"attrs": [
				{}
			],
			"properties": {
				"order": 51,
				"id": 526,
				"prevSize": 24,
				"code": 57870,
				"name": "menu",
				"ligatures": "menu"
			},
			"setIdx": 0,
			"setId": 25,
			"iconIdx": 526
		},
		{
			"icon": {
				"paths": [
					"M470 682v-128h-428v-84h428v-128l170 170zM896 128q34 0 60 25t26 61v598q0 34-26 59t-60 25h-768q-34 0-60-25t-26-59v-172h86v172h768v-600h-768v172h-86v-170q0-34 26-60t60-26h768z"
				],
				"attrs": [
					{}
				],
				"isMulticolor": false,
				"tags": [
					"input"
				],
				"defaultCode": 58020,
				"grid": 24
			},
			"attrs": [
				{}
			],
			"properties": {
				"order": 59,
				"id": 676,
				"prevSize": 24,
				"code": 58020,
				"name": "input",
				"ligatures": "input"
			},
			"setIdx": 0,
			"setId": 25,
			"iconIdx": 676
		},
		{
			"icon": {
				"paths": [
					"M810 274l-238 238 238 238-60 60-238-238-238 238-60-60 238-238-238-238 60-60 238 238 238-238z"
				],
				"attrs": [
					{}
				],
				"isMulticolor": false,
				"tags": [
					"close"
				],
				"grid": 24
			},
			"attrs": [
				{}
			],
			"properties": {
				"order": 1,
				"id": 0,
				"prevSize": 24,
				"code": 58901,
				"name": "close2"
			},
			"setIdx": 1,
			"setId": 24,
			"iconIdx": 0
		},
		{
			"icon": {
				"paths": [
					"M469.333 384h85.333v-128h128v-85.333h-128v-128h-85.333v128h-128v85.333h128v128zM298.667 768c-47.147 0-84.907 38.187-84.907 85.333s37.76 85.333 84.907 85.333 85.333-38.187 85.333-85.333-38.187-85.333-85.333-85.333zM725.333 768c-47.147 0-84.907 38.187-84.907 85.333s37.76 85.333 84.907 85.333 85.333-38.187 85.333-85.333-38.187-85.333-85.333-85.333zM306.133 629.333c0-1.92 0.427-3.627 1.28-5.12l38.4-69.547h317.867c32 0 59.947-17.707 74.667-43.947l164.693-299.093-74.667-40.96h-0.213l-47.147 85.333-117.547 213.333h-299.307l-5.547-11.52-136.32-287.147-40.32-85.333h-139.307v85.333h85.333l153.6 323.627-57.813 104.533c-6.613 12.373-10.453 26.24-10.453 41.173 0 47.147 38.187 85.333 85.333 85.333h512v-85.333h-493.867c-5.973 0-10.667-4.693-10.667-10.667z"
				],
				"attrs": [],
				"isMulticolor": false,
				"tags": [
					"add-shopping-cart"
				],
				"grid": 24
			},
			"attrs": [],
			"properties": {
				"id": 7,
				"order": 4,
				"prevSize": 24,
				"code": 58880,
				"name": "add-shopping-cart"
			},
			"setIdx": 2,
			"setId": 23,
			"iconIdx": 10
		},
		{
			"icon": {
				"paths": [
					"M810.667 554.667h-256v256h-85.333v-256h-256v-85.333h256v-256h85.333v256h256v85.333z"
				],
				"attrs": [],
				"isMulticolor": false,
				"tags": [
					"add"
				],
				"grid": 24
			},
			"attrs": [],
			"properties": {
				"id": 253,
				"order": 11,
				"prevSize": 24,
				"code": 58886,
				"name": "add"
			},
			"setIdx": 2,
			"setId": 23,
			"iconIdx": 11
		},
		{
			"icon": {
				"paths": [
					"M896 128h-768c-47.147 0-85.333 38.187-85.333 85.333v512c0 47.147 38.187 85.333 85.333 85.333h213.333v85.333h341.333v-85.333h213.333c47.147 0 84.907-38.187 84.907-85.333l0.427-512c0-47.147-38.187-85.333-85.333-85.333zM896 725.333h-768v-512h768v512zM810.667 341.333h-469.333v85.333h469.333v-85.333zM810.667 512h-469.333v85.333h469.333v-85.333zM298.667 341.333h-85.333v85.333h85.333v-85.333zM298.667 512h-85.333v85.333h85.333v-85.333z"
				],
				"attrs": [],
				"isMulticolor": false,
				"tags": [
					"dvr"
				],
				"grid": 24
			},
			"attrs": [],
			"properties": {
				"id": 321,
				"order": 5,
				"prevSize": 24,
				"code": 58881,
				"name": "dvr"
			},
			"setIdx": 2,
			"setId": 23,
			"iconIdx": 12
		},
		{
			"icon": {
				"paths": [
					"M885.589 228.053c-8.149-9.344-19.883-14.72-32.256-14.72h-589.611l-8.32-49.664c-3.413-20.565-21.205-35.669-42.069-35.669h-96c-23.595 0-42.667 19.072-42.667 42.667s19.072 42.667 42.667 42.667h59.861l79.36 476.331c0.341 1.92 1.323 3.499 1.92 5.291 0.683 2.261 1.237 4.395 2.304 6.443 1.365 2.816 3.2 5.205 5.12 7.637 1.323 1.664 2.517 3.328 4.053 4.779 2.475 2.304 5.333 3.925 8.235 5.547 1.621 0.896 3.029 2.091 4.779 2.773 4.949 2.005 10.155 3.2 15.659 3.2 0.043 0 469.376 0 469.376 0 23.595 0 42.667-19.072 42.667-42.667s-19.072-42.667-42.667-42.667h-433.195l-7.083-42.667h482.944c21.248 0 39.253-15.616 42.24-36.608l42.667-298.667c1.749-12.288-1.92-24.704-9.984-34.005zM804.139 298.667l-12.16 85.333h-151.979v-85.333h164.139zM597.333 298.667v85.333h-128v-85.333h128zM597.333 426.667v85.333h-128v-85.333h128zM426.667 298.667v85.333h-128c-2.261 0-4.309 0.64-6.315 1.28l-14.421-86.613h148.736zM299.264 426.667h127.403v85.333h-113.195l-14.208-85.333zM640 512v-85.333h145.835l-12.16 85.333h-133.675z",
					"M426.667 832c0 35.346-28.654 64-64 64s-64-28.654-64-64c0-35.346 28.654-64 64-64 35.346 0 64 28.654 64 64z",
					"M810.667 832c0 35.346-28.654 64-64 64s-64-28.654-64-64c0-35.346 28.654-64 64-64 35.346 0 64 28.654 64 64z"
				],
				"attrs": [],
				"isMulticolor": false,
				"tags": [
					"shopping-cart"
				],
				"grid": 24
			},
			"attrs": [],
			"properties": {
				"id": 304,
				"order": 7,
				"prevSize": 24,
				"code": 58882,
				"name": "shopping-cart"
			},
			"setIdx": 2,
			"setId": 23,
			"iconIdx": 13
		},
		{
			"icon": {
				"paths": [
					"M640 170.667v-128h-256v128h-170.667v85.333h597.333v-85.333h-170.667zM555.435 170.667h-85.333v-42.667h85.333v42.667zM213.333 298.667v640l85.333 85.333h426.667l85.333-85.333v-640h-597.333zM341.333 938.667h-42.667v-469.333h42.667v469.333zM426.667 938.667h-42.667v-469.333h42.667v469.333zM512 938.667h-42.667v-469.333h42.667v469.333zM725.333 938.667h-170.667v-469.333h170.667v469.333zM725.333 426.667h-426.667v-42.667h426.667v42.667z"
				],
				"attrs": [],
				"isMulticolor": false,
				"tags": [
					"trashcan",
					"bin",
					"garbage",
					"delete",
					"remove",
					"recycle"
				],
				"grid": 24
			},
			"attrs": [],
			"properties": {
				"id": 59,
				"order": 22,
				"prevSize": 24,
				"code": 58887,
				"name": "trashcan"
			},
			"setIdx": 2,
			"setId": 23,
			"iconIdx": 14
		},
		{
			"icon": {
				"paths": [
					"M512 85.333c-235.733 0-426.667 190.933-426.667 426.667s190.933 426.667 426.667 426.667 426.667-190.933 426.667-426.667-190.933-426.667-426.667-426.667zM554.667 725.333h-85.333v-256h85.333v256zM554.667 384h-85.333v-85.333h85.333v85.333z"
				],
				"attrs": [],
				"isMulticolor": false,
				"tags": [
					"info"
				],
				"grid": 24
			},
			"attrs": [],
			"properties": {
				"id": 56,
				"order": 31,
				"prevSize": 24,
				"code": 58914,
				"name": "info"
			},
			"setIdx": 2,
			"setId": 23,
			"iconIdx": 15
		},
		{
			"icon": {
				"paths": [
					"M469.333 725.333h85.333v-256h-85.333v256zM512 85.333c-235.733 0-426.667 190.933-426.667 426.667s190.933 426.667 426.667 426.667 426.667-190.933 426.667-426.667-190.933-426.667-426.667-426.667zM512 853.333c-188.16 0-341.333-153.173-341.333-341.333s153.173-341.333 341.333-341.333 341.333 153.173 341.333 341.333-153.173 341.333-341.333 341.333zM469.333 384h85.333v-85.333h-85.333v85.333z"
				],
				"attrs": [],
				"isMulticolor": false,
				"tags": [
					"info-outline"
				],
				"grid": 24
			},
			"attrs": [],
			"properties": {
				"id": 57,
				"order": 30,
				"prevSize": 24,
				"code": 58915,
				"name": "info-outline"
			},
			"setIdx": 2,
			"setId": 23,
			"iconIdx": 16
		},
		{
			"icon": {
				"paths": [
					"M384 689.92l-177.92-177.92-60.373 60.373 238.293 238.293 512-512-60.373-60.373z"
				],
				"attrs": [],
				"isMulticolor": false,
				"tags": [
					"check"
				],
				"grid": 24
			},
			"attrs": [],
			"properties": {
				"id": 678,
				"order": 35,
				"prevSize": 24,
				"name": "check",
				"code": 58934
			},
			"setIdx": 2,
			"setId": 23,
			"iconIdx": 17
		},
		{
			"icon": {
				"paths": [
					"M810.667 128h-597.333c-47.36 0-85.333 38.4-85.333 85.333v597.333c0 46.933 37.973 85.333 85.333 85.333h597.333c47.36 0 85.333-38.4 85.333-85.333v-597.333c0-46.933-37.973-85.333-85.333-85.333zM426.667 725.333l-213.333-213.333 60.16-60.16 153.173 152.747 323.84-323.84 60.16 60.587-384 384z"
				],
				"attrs": [],
				"isMulticolor": false,
				"tags": [
					"check-box"
				],
				"grid": 24
			},
			"attrs": [],
			"properties": {
				"id": 750,
				"order": 36,
				"prevSize": 24,
				"code": 58898,
				"name": "check-box"
			},
			"setIdx": 2,
			"setId": 23,
			"iconIdx": 18
		},
		{
			"icon": {
				"paths": [
					"M810.667 213.333v597.333h-597.333v-597.333h597.333zM810.667 128h-597.333c-46.933 0-85.333 38.4-85.333 85.333v597.333c0 46.933 38.4 85.333 85.333 85.333h597.333c46.933 0 85.333-38.4 85.333-85.333v-597.333c0-46.933-38.4-85.333-85.333-85.333z"
				],
				"attrs": [],
				"isMulticolor": false,
				"tags": [
					"check-box-outline-blank"
				],
				"grid": 24
			},
			"attrs": [],
			"properties": {
				"id": 751,
				"order": 37,
				"prevSize": 24,
				"code": 58899,
				"name": "check-box-outline-blank"
			},
			"setIdx": 2,
			"setId": 23,
			"iconIdx": 19
		},
		{
			"icon": {
				"paths": [
					"M512 42.667q95.667 0 182.5 37.167t149.667 100 100 149.667 37.167 182.5-37.167 182.5-100 149.667-149.667 100-182.5 37.167-182.5-37.167-149.667-100-100-149.667-37.167-182.5 37.167-182.5 100-149.667 149.667-100 182.5-37.167zM512 128q-78 0-149.167 30.5t-122.5 81.833-81.833 122.5-30.5 149.167 30.5 149.167 81.833 122.5 122.5 81.833 149.167 30.5 149.167-30.5 122.5-81.833 81.833-122.5 30.5-149.167-30.5-149.167-81.833-122.5-122.5-81.833-149.167-30.5zM655.667 383.667q17.667 0 30.167 12.5t12.5 30.167-12.667 30.333l-181 181q-12.333 12.333-30 12.333-18 0-30.333-12.333l-90.667-90.333q-12.333-12.333-12.333-30.333 0-17.667 12.5-30.167t30.167-12.5 30.333 12.667l60.333 60.333 150.667-151q12.667-12.667 30.333-12.667z"
				],
				"attrs": [],
				"isMulticolor": false,
				"tags": [
					"circle-check"
				],
				"defaultCode": 57410,
				"grid": 24
			},
			"attrs": [],
			"properties": {
				"id": 42,
				"order": 39,
				"prevSize": 24,
				"code": 57410,
				"name": "circle-check"
			},
			"setIdx": 2,
			"setId": 23,
			"iconIdx": 20
		},
		{
			"icon": {
				"paths": [
					"M896 213.333q18.333 0 30.5 12.167t12.167 30.5q0 18-12.333 30.333l-512 512q-12.333 12.333-30.333 12.333t-30.333-12.333l-256-256q-12.333-12.333-12.333-30.333 0-18.333 12.167-30.5t30.5-12.167q18 0 30.333 12.333l225.667 226 481.667-482q12.333-12.333 30.333-12.333z"
				],
				"attrs": [],
				"isMulticolor": false,
				"tags": [
					"check"
				],
				"defaultCode": 57622,
				"grid": 24
			},
			"attrs": [],
			"properties": {
				"id": 116,
				"order": 38,
				"prevSize": 24,
				"code": 57622,
				"name": "check2"
			},
			"setIdx": 2,
			"setId": 23,
			"iconIdx": 21
		},
		{
			"icon": {
				"paths": [
					"M170.667 42.667h682.667q53 0 90.5 37.5t37.5 90.5v682.667q0 53-37.5 90.5t-90.5 37.5h-682.667q-53 0-90.5-37.5t-37.5-90.5v-682.667q0-53 37.5-90.5t90.5-37.5zM853.333 128h-682.667q-17.667 0-30.167 12.5t-12.5 30.167v682.667q0 17.667 12.5 30.167t30.167 12.5h682.667q17.667 0 30.167-12.5t12.5-30.167v-682.667q0-17.667-12.5-30.167t-30.167-12.5zM632.667 348.333q17.667 0 30.333 12.667t12.667 30.333-12.667 30.333l-90.667 90.333 90.667 90.333q12.667 12.667 12.667 30.333t-12.667 30.167-30.333 12.5-30-12.333l-90.667-90.667-90.667 90.667q-12 12.333-30 12.333-18.333 0-30.5-12.167t-12.167-30.5q0-18 12.333-30.333l90.667-90.333-90.667-90.333q-12.333-12.333-12.333-30.333 0-17.667 12.5-30.333t30.167-12.667q18 0 30 12.667l90.667 90.667 90.667-90.667q12.667-12.667 30-12.667z"
				],
				"tags": [
					"square-cross"
				],
				"defaultCode": 57415,
				"grid": 24,
				"attrs": []
			},
			"attrs": [],
			"properties": {
				"id": 47,
				"order": 45,
				"prevSize": 24,
				"code": 57415,
				"name": "square-cross"
			},
			"setIdx": 16,
			"setId": 9,
			"iconIdx": 47
		},
		{
			"icon": {
				"paths": [
					"M810.667 170.667q18.333 0 30.5 12.167t12.167 30.5q0 18-12.333 30.333l-268.667 268.333 268.667 268.333q12.333 12.333 12.333 30.333 0 18.333-12.167 30.5t-30.5 12.167q-18 0-30.333-12.333l-268.333-268.667-268.333 268.667q-12.333 12.333-30.333 12.333-18.333 0-30.5-12.167t-12.167-30.5q0-18 12.333-30.333l268.667-268.333-268.667-268.333q-12.333-12.333-12.333-30.333 0-18.333 12.167-30.5t30.5-12.167q18 0 30.333 12.333l268.333 268.667 268.333-268.667q12.333-12.333 30.333-12.333z"
				],
				"tags": [
					"cross"
				],
				"defaultCode": 57623,
				"grid": 24,
				"attrs": []
			},
			"attrs": [],
			"properties": {
				"id": 117,
				"order": 44,
				"prevSize": 24,
				"code": 57623,
				"name": "cross2"
			},
			"setIdx": 16,
			"setId": 9,
			"iconIdx": 117
		},
		{
			"icon": {
				"paths": [
					"M832 336v640c0 5.632 1.152 10.976 2.944 16h-101.888c1.792-5.024 2.944-10.368 2.944-16v-928c0-26.464-21.536-48-48-48h-224c-26.464 0-48 21.536-48 48v928c0 5.632 1.152 10.976 2.944 16h-101.888c1.792-5.024 2.944-10.368 2.944-16v-352c0-26.464-21.536-48-48-48h-224c-26.464 0-48 21.536-48 48v352c0 26.464 21.536 48 48 48h1056c26.464 0 48-21.536 48-48v-640c0-26.464-21.536-48-48-48h-224c-26.464 0-48 21.536-48 48zM160 992h-112c-8.8 0-16-7.168-16-16v-352c0-8.832 7.2-16 16-16h224c8.8 0 16 7.168 16 16v352c0 8.832-7.2 16-16 16h-112zM464 992c-8.8 0-16-7.168-16-16v-928c0-8.832 7.2-16 16-16h224c8.8 0 16 7.168 16 16v928c0 8.832-7.2 16-16 16h-224zM1120 336v640c0 8.832-7.2 16-16 16h-224c-8.8 0-16-7.168-16-16v-640c0-8.832 7.2-16 16-16h224c8.8 0 16 7.168 16 16z"
				],
				"width": 1152,
				"attrs": [],
				"isMulticolor": false,
				"tags": [
					"bargraph",
					"bars",
					"graph",
					"chart",
					"stats",
					"statistics"
				],
				"defaultCode": 57368,
				"grid": 32
			},
			"attrs": [],
			"properties": {
				"id": 24,
				"order": 9,
				"prevSize": 32,
				"code": 57368,
				"name": "bargraph"
			},
			"setIdx": 2,
			"setId": 23,
			"iconIdx": 0
		},
		{
			"icon": {
				"paths": [
					"M118.144 695.040c5.632 1.344 13.28 8.288 15.488 14.624l11.2 27.008c2.528 5.184 2.048 15.456-0.96 20.384l-44.704 73.088c-9.568 15.68-7.584 37.888 5.28 52.288l37.856 37.824c13.184 11.712 36.448 13.824 51.616 4.64l73.088-44.704c4.576-2.816 14.4-3.808 21.28-0.576l26.976 11.136c5.44 1.888 12.384 9.504 13.728 15.136l20.064 83.328c4.256 17.664 21.12 32.192 39.232 33.856 0 0 11.104 1.024 27.744 1.024s27.744-1.024 27.776-1.024c18.080-1.632 34.944-16.192 39.2-33.856l20.096-83.328c1.344-5.6 8.256-13.248 14.592-15.456l27.008-11.2c4.768-2.336 15.808-1.856 20.384 0.96l73.088 44.704c6.432 3.936 14.112 6.016 22.272 6.016 11.040 0 21.728-3.872 30.016-11.264l37.824-37.856c12.224-13.728 14.208-35.936 4.64-51.616l-44.704-73.088c-3.008-4.928-3.488-15.2-0.576-21.28l11.136-26.976c1.888-5.44 9.504-12.384 15.136-13.728l83.328-20.064c17.664-4.256 32.192-21.12 33.856-39.232 0 0 1.024-11.104 1.024-27.744s-1.024-27.744-1.024-27.776c-1.632-18.080-16.192-34.944-33.856-39.232l-83.296-20.032c-5.632-1.344-13.28-8.288-15.488-14.624l-11.2-27.008c-2.528-5.184-2.048-15.456 0.96-20.384l44.704-73.088c9.568-15.68 7.584-37.888-5.28-52.288l-37.856-37.824c-13.216-11.744-36.512-13.856-51.616-4.64l-73.088 44.704c-4.576 2.784-14.432 3.84-21.28 0.576l-26.976-11.136c-5.44-1.888-12.352-9.504-13.696-15.136l-20.096-83.328c-4.256-17.664-21.12-32.192-39.232-33.856-0.064 0.032-11.168-0.992-27.808-0.992s-27.744 1.024-27.776 1.024c-18.080 1.632-34.944 16.192-39.232 33.856l-20.032 83.264c-1.344 5.632-8.288 13.28-14.624 15.488l-27.008 11.2c-4.8 2.336-15.808 1.824-20.384-0.96l-73.056-44.704c-15.136-9.216-37.92-7.616-52.288 5.248l-37.824 37.856c-12.224 13.728-14.208 35.936-4.64 51.616l44.704 73.088c3.008 4.928 3.488 15.2 0.576 21.28l-11.136 26.976c-1.888 5.44-9.504 12.384-15.136 13.728l-83.328 20.064c-17.664 4.256-32.192 21.12-33.856 39.232 0.064 0-0.96 11.104-0.96 27.744s1.024 27.744 1.024 27.776c1.632 18.080 16.192 34.944 33.856 39.232l83.264 20.032zM32 608c0-14.656 0.864-24.544 0.896-24.864 0.384-4.32 5.28-9.984 9.472-11.008l83.328-20.064c16.16-3.904 32.448-18.688 37.504-33.504l10.368-25.184c7.296-14.944 6.272-36.896-2.4-51.104l-44.704-73.056c-2.144-3.552-1.536-10.592 0.576-12.992l36.512-36.544c2.912-2.592 10.336-3.232 13.664-1.216l73.088 44.704c13.856 8.48 37.6 9.056 50.176 2.816l25.216-10.432c15.712-5.408 30.496-21.696 34.4-37.888l20.032-83.296c1.024-4.224 6.688-9.12 11.008-9.504 0.32 0 10.208-0.864 24.864-0.864s24.544 0.864 24.864 0.896c4.32 0.384 9.984 5.28 11.008 9.472l20.064 83.296c3.904 16.16 18.656 32.48 33.504 37.536l25.184 10.368c14.624 7.168 37.28 6.048 51.104-2.4l73.056-44.704c3.328-2.016 11.2-0.96 12.992 0.576l36.544 36.512c2.752 3.104 3.36 10.112 1.216 13.664l-44.704 73.088c-8.672 14.176-9.696 36.16-2.816 50.176l10.432 25.216c5.408 15.712 21.696 30.496 37.888 34.4l83.296 20.032c4.224 1.024 9.12 6.688 9.504 11.008-0 0.32 0.864 10.208 0.864 24.864s-0.864 24.544-0.896 24.864c-0.384 4.32-5.28 9.984-9.472 11.008l-83.328 20.064c-16.16 3.904-32.448 18.688-37.504 33.504l-10.368 25.184c-7.296 14.944-6.272 36.896 2.4 51.104l44.704 73.056c2.144 3.552 1.536 10.592-0.576 12.992l-36.512 36.544c-1.728 1.536-4.864 2.528-8.032 2.528-2.208 0-4.256-0.48-5.6-1.312l-73.088-44.704c-13.824-8.448-37.568-9.056-50.176-2.816l-25.216 10.432c-15.712 5.408-30.496 21.728-34.368 37.888l-20.064 83.296c-1.024 4.224-6.688 9.12-11.008 9.504-0.352 0-10.24 0.864-24.896 0.864s-24.544-0.864-24.864-0.896c-4.32-0.384-9.984-5.28-11.008-9.472l-20.064-83.328c-3.904-16.16-18.688-32.448-33.504-37.504l-25.184-10.368c-6.528-3.2-14.432-4.864-22.88-4.864-10.528 0-20.544 2.592-28.224 7.296l-73.056 44.704c-3.328 2.016-11.232 0.928-12.992-0.576l-36.544-36.544c-2.752-3.104-3.36-10.112-1.216-13.664l44.704-73.088c8.672-14.176 9.696-36.16 2.816-50.176l-10.432-25.216c-5.408-15.712-21.696-30.496-37.888-34.4l-83.296-20.032c-4.224-1.024-9.12-6.688-9.504-11.008-0-0.32-0.864-10.208-0.864-24.864zM416 784c97.056 0 176-78.944 176-176s-78.944-176-176-176-176 78.944-176 176 78.944 176 176 176zM416 464c79.392 0 144 64.608 144 144s-64.608 144-144 144-144-64.608-144-144 64.608-144 144-144zM879.264 170.048c-1.28 1.952-5.92 4.416-8.288 4.416l-59.552-0.576c-14.464 0-28.96 10.272-33.696 23.872 0 0-2.624 7.456-5.504 18.88-2.88 11.424-4.096 19.232-4.096 19.232-2.24 14.432 5.792 30.4 18.688 37.152l52.512 27.52c2.016 1.056 4.992 5.504 5.312 8.736l2.976 20.32c0.48 2.24-1.056 7.36-2.688 8.96l-42.304 41.472c-10.592 10.368-13.376 28.096-6.080 42.016l19.168 32c8.096 11.904 25.632 17.984 39.392 13.696l58.368-17.856c3.168 0 6.336 1.216 8.128 2.656l16.48 12.16c1.92 1.28 4.448 5.984 4.416 8.288l-0.576 59.264c-0.128 14.592 10.112 29.216 23.872 34.016 0 0 7.456 2.624 18.88 5.504 11.424 2.88 19.232 4.096 19.232 4.096 0.832 0.128 4.16 0.384 4.992 0.384 13.056 0 26.304-7.84 32.16-19.072l27.52-52.512c1.056-2.016 5.504-4.992 8.736-5.312l21.216-3.072c3.2 0 6.976 1.664 8.032 2.752l41.472 42.304c10.080 10.304 27.072 13.984 42.016 6.080l31.968-19.168c12.224-8.32 18.144-25.28 13.728-39.392l-17.664-56.544c-0.672-2.176 0.384-7.424 2.496-9.952l12.16-16.48c1.28-1.952 5.92-4.416 8.288-4.416l59.552 0.576c14.464 0 28.96-10.272 33.696-23.872 0 0 2.624-7.456 5.504-18.88 2.88-11.424 4.096-19.232 4.096-19.232 2.24-14.432-5.792-30.4-18.688-37.152l-52.512-27.52c-2.016-1.056-4.992-5.504-5.312-8.736l-2.944-20.256c-0.48-2.24 1.056-7.36 2.688-8.96l42.304-41.472c10.592-10.368 13.376-28.096 6.080-42.016l-19.168-32c-8.096-11.872-25.6-18.016-39.392-13.728l-58.4 17.856c-3.168 0-6.336-1.216-8.128-2.656l-16.48-12.16c-1.92-1.28-4.448-5.984-4.416-8.288l0.576-59.264c0.128-14.592-10.112-29.216-23.872-34.016 0 0-7.456-2.624-18.88-5.504-11.424-2.88-19.232-4.096-19.232-4.096-0.832-0.096-4.16-0.352-4.992-0.352-13.056 0-26.304 7.84-32.16 19.072l-27.52 52.512c-1.056 2.016-5.504 4.992-8.736 5.312l-21.216 3.040c-3.2 0-6.976-1.664-8.032-2.752l-41.472-42.304c-10.048-10.272-27.008-13.984-42.016-6.080l-32 19.136c-12.224 8.32-18.144 25.28-13.728 39.392l17.664 56.544c0.672 2.176-0.384 7.424-2.496 9.952l-12.128 16.48zM905.504 188.352l10.976-14.912c8.576-10.144 11.904-26.688 7.936-39.328l-17.632-56.512c-0.16-0.896 0.544-2.912 0.384-2.944l30.336-18.176 3.616 0.544 41.504 42.304c7.36 7.488 19.488 12.352 30.88 12.352 2.624 0 5.152-0.256 6.528-0.608l18.4-2.72c13.184-1.152 27.232-10.496 33.376-22.208l27.488-52.48c0.512-0.8 2.528-1.952 3.84-1.952 0.352 0.032 6.88 1.12 16.416 3.488 9.504 2.4 15.776 4.544 16.064 4.672 0.992 0.416 2.432 2.496 2.496 3.52l-0.576 59.264c-0.128 13.248 7.84 28.128 18.144 34.848l14.88 10.976c9.888 8.352 26.848 11.872 39.328 7.936l56.768-17.664c1.344 0 2.848 0.832 2.656 0.416l18.176 30.336c0.352 0.832 0 2.944-0.544 3.616l-42.304 41.504c-9.44 9.312-14.336 25.44-11.744 37.408l2.688 18.4c1.152 13.184 10.496 27.232 22.24 33.376l52.48 27.488c0.896 0.576 2.016 2.816 1.952 3.84-0.032 0.352-1.12 6.88-3.488 16.416-2.4 9.504-4.544 15.776-4.672 16.064-0.416 0.992-2.496 2.432-3.52 2.496l-59.584-0.576c-13.152 0-27.872 7.968-34.528 18.144l-10.944 14.88c-8.576 10.144-11.904 26.688-7.936 39.328l17.632 56.512c0.16 0.864-0.544 2.912-0.384 2.944l-30.336 18.176-3.616-0.544-41.504-42.304c-7.36-7.488-19.488-12.352-30.88-12.352-2.624 0-5.152 0.256-6.528 0.608l-18.4 2.72c-13.184 1.152-27.232 10.496-33.376 22.208l-27.488 52.48c-0.512 0.8-2.528 1.952-3.84 1.952v0c-0.352-0.032-6.88-1.12-16.416-3.488-9.504-2.4-15.776-4.544-16.064-4.672-0.992-0.416-2.432-2.496-2.496-3.52l0.576-59.264c0.128-13.248-7.84-28.128-18.144-34.848l-14.88-10.976c-7.104-6.016-17.568-9.6-28-9.6-4.032 0-7.872 0.576-11.36 1.664l-56.768 17.664c-1.376 0-2.88-0.736-2.656-0.416l-18.176-30.336c-0.352-0.832 0-2.944 0.544-3.616l42.304-41.504c9.44-9.312 14.336-25.44 11.744-37.408l-2.688-18.368c-1.152-13.184-10.496-27.232-22.24-33.376l-52.48-27.488c-0.896-0.576-2.016-2.816-1.952-3.84 0.032-0.352 1.12-6.88 3.488-16.416 2.4-9.504 4.544-15.776 4.672-16.064 0.416-0.992 2.496-2.432 3.52-2.496l59.584 0.576c13.152-0 27.872-7.968 34.528-18.144zM1056 384c52.928 0 96-43.072 96-96s-43.072-96-96-96-96 43.072-96 96 43.072 96 96 96zM1056 224c35.296 0 64 28.704 64 64s-28.704 64-64 64-64-28.704-64-64 28.704-64 64-64z"
				],
				"width": 1344,
				"attrs": [],
				"isMulticolor": false,
				"tags": [
					"gears",
					"settings",
					"preferences"
				],
				"defaultCode": 57387,
				"grid": 32
			},
			"attrs": [],
			"properties": {
				"id": 43,
				"order": 3,
				"prevSize": 32,
				"code": 57387,
				"name": "gears"
			},
			"setIdx": 2,
			"setId": 23,
			"iconIdx": 1
		},
		{
			"icon": {
				"paths": [
					"M352 0c-169.28 0-352 134.592-352 352 0 107.296 42.688 197.568 124.672 265.984 0.864 1.088 1.856 2.016 2.944 2.816 60.832 65.984 63.904 78.528 64.32 107.552 0.192 11.488 0.096 14.88 0 16.736l-0.128 6.688c-0.48 14.464-1.216 38.688 28.768 47.84l259.008 56.992c1.152 0.256 2.304 0.384 3.424 0.384 7.36 0 13.984-5.088 15.616-12.576 1.92-8.64-3.552-17.184-12.192-19.072l-257.76-56.672c-4.96-1.504-5.376-1.632-4.928-15.936l0.096-6.112c0 0 0.32-2.496 0.064-18.752-0.608-40.608-9.44-60.224-73.888-129.888-1.248-1.536-2.752-2.816-4.416-3.776-75.392-64.096-113.6-145.568-113.6-242.208 0-197.664 166.080-320 320-320 157.312 0 320 119.712 320 320 0 127.296-61.696 197.472-112.576 241.632-1.76 0.832-3.328 2.016-4.704 3.488-65.184 70.528-74.016 90.144-74.624 130.752 0 0.96-0.032 2.080 0 3.296l-0.032 1.12c-0.096 2.432-0.448 3.776-0.416 4.288-1.088-0.16-3.744-0.576-3.744-0.576l-134.24-31.584c-8.704-1.984-17.216 3.328-19.232 11.904-2.016 8.608 3.296 17.216 11.904 19.264l132.608 31.104c1.76 0.64 17.696 5.824 31.136-3.616 5.856-4.128 12.672-12.224 13.888-27.712l0.096-1.504c0.032-1.024 0.064-2.080 0.064-3.168 0-0.288 0-0.576-0.032-0.832l0.032-1.472c0.416-28.864 3.424-41.408 64.16-107.392 0.288-0.224 0.608-0.448 0.864-0.704 85.344-71.712 126.848-159.488 126.848-268.288 0-220.32-178.976-352-352-352zM480 944c7.328 0 13.92-5.024 15.584-12.48 1.984-8.608-3.424-17.184-12.064-19.136l-256-58.048c-8.672-1.92-17.184 3.456-19.136 12.064-1.984 8.608 3.424 17.184 12.064 19.136l256 58.048c1.216 0.288 2.4 0.416 3.552 0.416zM243.488 945.728c-8.672-1.92-17.152 3.488-19.136 12.096-1.92 8.64 3.488 17.184 12.128 19.104l208 46.656c1.216 0.288 2.368 0.416 3.52 0.416 7.328 0 13.952-5.056 15.616-12.512 1.92-8.64-3.488-17.184-12.128-19.104l-208-46.656z"
				],
				"width": 704,
				"attrs": [],
				"isMulticolor": false,
				"tags": [
					"lightbulb",
					"light",
					"night",
					"idea",
					"thought"
				],
				"defaultCode": 57392,
				"grid": 32
			},
			"attrs": [],
			"properties": {
				"id": 48,
				"order": 1,
				"prevSize": 32,
				"code": 57392,
				"name": "lightbulb"
			},
			"setIdx": 2,
			"setId": 23,
			"iconIdx": 2
		},
		{
			"icon": {
				"paths": [
					"M984.48 232.384l-369.376-208.48c-50.272-28.384-136.672-28.416-187.040 0l-369.376 208.48c-28.256 15.968-43.776 38.304-43.776 62.944s15.552 46.976 43.776 62.912l369.376 208.512c25.152 14.208 58.368 22.016 93.504 22.016 35.168 0 68.384-7.84 93.536-22.016l369.376-208.512c28.256-15.936 43.808-38.272 43.808-62.912s-15.584-46.976-43.808-62.944zM967.648 328.48l-369.376 208.512c-39.616 22.368-113.792 22.4-153.408 0l-369.376-208.512c-16.768-9.472-26.368-21.568-26.368-33.152 0-11.616 9.6-23.68 26.368-33.184l369.376-208.512c19.808-11.2 47.776-17.6 76.672-17.6 28.928 0 56.896 6.432 76.704 17.6l369.376 208.512c16.768 9.472 26.4 21.568 26.4 33.184 0.032 11.584-9.568 23.68-26.368 33.152zM984.48 451.168c-8.192-4.64-18.624-1.76-23.328 6.496-4.64 8.224-1.728 18.656 6.496 23.296 16.768 9.472 26.4 21.568 26.4 33.152s-9.632 23.68-26.4 33.152l-369.376 208.512c-41.536 23.456-111.808 23.488-153.408 0l-369.376-208.512c-16.768-9.472-26.368-21.568-26.368-33.152s9.6-23.68 26.368-33.152c8.224-4.64 11.136-15.072 6.496-23.296-4.672-8.256-15.136-11.168-23.328-6.496-28.256 15.936-43.776 38.304-43.776 62.944s15.52 47.008 43.776 62.944l369.376 208.512c26.208 14.784 59.872 22.208 93.504 22.208 33.664 0 67.328-7.392 93.536-22.208l369.376-208.512c28.256-15.936 43.808-38.304 43.808-62.944s-15.552-47.008-43.776-62.944zM984.48 665.728c-8.192-4.64-18.624-1.76-23.328 6.496-4.64 8.224-1.728 18.656 6.496 23.296 16.768 9.472 26.4 21.568 26.4 33.152 0 11.584-9.632 23.68-26.4 33.184l-369.376 208.512c-41.536 23.456-111.808 23.488-153.408 0l-369.376-208.544c-16.768-9.472-26.368-21.568-26.368-33.184 0-11.584 9.6-23.68 26.368-33.152 8.224-4.64 11.136-15.072 6.496-23.296-4.672-8.224-15.136-11.168-23.328-6.496-28.192 15.968-43.744 38.304-43.744 62.976s15.52 47.008 43.776 62.944l369.376 208.512c26.208 14.784 59.872 22.208 93.504 22.208 33.664 0 67.328-7.392 93.536-22.208l369.376-208.512c28.256-15.968 43.808-38.304 43.808-62.944s-15.584-47.008-43.808-62.944z"
				],
				"attrs": [],
				"isMulticolor": false,
				"tags": [
					"layers",
					"stack",
					"planes",
					"manage"
				],
				"defaultCode": 57393,
				"grid": 32
			},
			"attrs": [],
			"properties": {
				"id": 49,
				"order": 2,
				"prevSize": 32,
				"code": 57393,
				"name": "layers"
			},
			"setIdx": 2,
			"setId": 23,
			"iconIdx": 3
		},
		{
			"icon": {
				"paths": [
					"M64.16 730.4l417.248 197.408v-441.6l-417.248-176.64v420.832zM192.192 473.312l160.832 74.784-0.928 58.944-160.8-74.752 0.896-58.976zM512 486.208v441.6l415.808-197.408v-420.832l-415.808 176.64zM494.496 96.192l-427.616 184.224 428 182.784 432.448-183.2-432.832-183.808z"
				],
				"attrs": [],
				"isMulticolor": false,
				"tags": [
					"box",
					"package"
				],
				"grid": 32
			},
			"attrs": [],
			"properties": {
				"id": 190,
				"order": 18,
				"prevSize": 32,
				"code": 58884,
				"name": "box"
			},
			"setIdx": 2,
			"setId": 23,
			"iconIdx": 4
		},
		{
			"icon": {
				"paths": [
					"M256 384h128v-128h-128v128zM448 384h128v-128h-128v128zM640 256v128h128v-128h-128zM256 576h128v-128h-128v128zM448 576h128v-128h-128v128zM640 576h128v-128h-128v128zM256 768h128v-128h-128v128zM448 768h128v-128h-128v128zM640 768h128v-128h-128v128z"
				],
				"attrs": [],
				"isMulticolor": false,
				"tags": [
					"grid",
					"icons"
				],
				"grid": 32
			},
			"attrs": [],
			"properties": {
				"id": 194,
				"order": 10,
				"prevSize": 32,
				"code": 58885,
				"name": "grid"
			},
			"setIdx": 2,
			"setId": 23,
			"iconIdx": 5
		},
		{
			"icon": {
				"paths": [
					"M761.824 620.736h-56.256v18.752h56.256v-18.752zM551.936 676.992v18.752h56.256v18.752h18.752v-75.008h-18.752v37.504l-56.256-0zM551.936 752h37.504v-18.752h-37.504v18.752zM589.44 733.248h18.752v-18.752h-18.752v18.752zM551.936 639.488h-18.752v37.504h18.752v-37.504zM448 256h-64v320h64v-320zM512 256h-32v320h32v-320zM705.568 752h56.256v-18.752h-56.256v18.752zM608.192 620.736h-56.256v18.752h56.256v-18.752zM780.576 733.248v-93.76h-18.752v93.76h18.752zM800 256h-32v320h32v-320zM398.336 714.496h-18.752v18.752h18.752v-18.752zM640 256h-64v320h64v-320zM704 256h-32v320h32v-320zM686.816 733.248h18.752v-93.76h-18.752v93.76zM225.984 752h93.76v-18.752h-75.008v-18.752h-18.752v37.504zM225.984 658.24h18.752v-18.752h-18.752v18.752zM263.488 695.744h37.504v-18.752h-37.504v18.752zM417.088 676.992v18.752h37.504v-18.752h-37.504zM244.736 620.736v18.752h56.256v-18.752h-56.256zM256 256h-32v320h32v-320zM960 128h-896c-35.328 0-64 28.672-64 64v640c0 35.328 28.672 64 64 64h896c35.328 0 64-28.672 64-64v-640c0-35.328-28.672-64-64-64zM960 832h-896v-640h896v640zM192 256h-64v512h64v-512zM244.736 714.496h18.752v-18.752h-18.752v18.752zM473.344 639.488h-18.752v37.504h18.752v-37.504zM398.336 620.736v18.752h56.256v-18.752h-56.256zM319.744 676.992v-37.504h-18.752v37.504h18.752zM379.584 658.24h18.752v-18.752h-18.752v18.752zM352 256h-32v320h32v-320zM473.344 695.744h-18.752v37.504h18.752v-37.504zM454.592 752v-18.752h-56.256v18.752h56.256zM896 256h-64v512h64v-512z"
				],
				"attrs": [],
				"isMulticolor": false,
				"tags": [
					"barcode"
				],
				"grid": 32
			},
			"attrs": [],
			"properties": {
				"id": 303,
				"order": 26,
				"prevSize": 32,
				"code": 58894,
				"name": "barcode"
			},
			"setIdx": 2,
			"setId": 23,
			"iconIdx": 6
		},
		{
			"icon": {
				"paths": [
					"M697.568 94.528c-35.36-60.928-83.488-94.528-135.52-94.528-52.032 0-100.192 33.6-135.552 94.528l-392.608 676.256c-35.84 62.304-39.68 127.008-10.56 177.472 27.712 48 82.080 75.616 149.248 75.744h778.912c0 0 0 0 0.032 0 67.264-0.128 121.728-27.648 149.344-75.552 28.96-50.144 25.056-114.592-10.72-176.8l-392.576-677.12zM1073.184 932.448c-21.792 37.76-66.144 59.456-121.728 59.552h-778.848c-55.392-0.096-99.68-21.888-121.568-59.744-23.264-40.32-19.392-93.344 10.56-145.472l392.576-676.192c29.408-50.688 67.712-78.592 107.872-78.592s78.464 27.904 107.84 78.592l392.576 677.024c29.92 52.032 33.824 104.832 10.72 144.832zM562.048 640c8.832 0 16-7.168 16-16v-320c0-8.832-7.168-16-16-16s-16 7.168-16 16v320c0 8.832 7.168 16 16 16zM560 720c-35.296 0-64 28.704-64 64s28.704 64 64 64 64-28.704 64-64-28.704-64-64-64zM560 816c-17.632 0-32-14.336-32-32s14.368-32 32-32 32 14.336 32 32-14.368 32-32 32z"
				],
				"width": 1120,
				"attrs": [],
				"isMulticolor": false,
				"tags": [
					"caution",
					"warning",
					"exclamation",
					"note",
					"notice"
				],
				"defaultCode": 57405,
				"grid": 32
			},
			"attrs": [],
			"properties": {
				"id": 61,
				"order": 29,
				"prevSize": 32,
				"code": 57405,
				"name": "caution"
			},
			"setIdx": 2,
			"setId": 23,
			"iconIdx": 7
		},
		{
			"icon": {
				"paths": [
					"M848 864h-96c-8.832 0-16-7.168-16-16s7.168-16 16-16h80v-80c0-8.832 7.168-16 16-16 8.8 0 16 7.168 16 16v96c0 8.832-7.2 16-16 16zM848 672c-8.832 0-16-7.168-16-16v-96c0-8.832 7.168-16 16-16 8.8 0 16 7.168 16 16v96c0 8.832-7.2 16-16 16zM848 480c-8.832 0-16-7.168-16-16v-96c0-8.832 7.168-16 16-16 8.8 0 16 7.168 16 16v96c0 8.832-7.2 16-16 16zM848 288c-8.832 0-16-7.168-16-16v-80h-80c-8.832 0-16-7.168-16-16s7.168-16 16-16h96c8.8 0 16 7.168 16 16v96c0 8.832-7.2 16-16 16zM469.312 673.696c-5.888 5.92-15.456 5.92-21.376 0l-32.064-32.064c-0.064-0.096-0.032-0.224-0.096-0.288l-102.016-102.784c-5.92-5.888-5.92-15.456 0-21.376l32.064-32.096c5.92-5.92 15.488-5.92 21.408 0l91.52 92.192 192.448-192.416c5.888-5.92 15.456-5.92 21.376 0l32.064 32.096c5.952 5.92 5.952 15.488 0 21.408l-235.328 235.328zM656 192h-96c-8.832 0-16-7.168-16-16s7.168-16 16-16h96c8.8 0 16 7.168 16 16s-7.2 16-16 16zM464 192h-96c-8.832 0-16-7.168-16-16s7.168-16 16-16h96c8.8 0 16 7.168 16 16s-7.2 16-16 16zM272 864h-96c-8.832 0-16-7.168-16-16v-96c0-8.832 7.168-16 16-16s16 7.168 16 16v80h80c8.832 0 16 7.168 16 16s-7.168 16-16 16zM272 192h-80v80c0 8.832-7.168 16-16 16s-16-7.168-16-16v-96c0-8.832 7.168-16 16-16h96c8.832 0 16 7.168 16 16s-7.168 16-16 16zM176 352c8.832 0 16 7.168 16 16v96c0 8.832-7.168 16-16 16s-16-7.168-16-16v-96c0-8.832 7.168-16 16-16zM176 544c8.832 0 16 7.168 16 16v96c0 8.832-7.168 16-16 16s-16-7.168-16-16v-96c0-8.832 7.168-16 16-16zM368 832h96c8.8 0 16 7.168 16 16s-7.2 16-16 16h-96c-8.832 0-16-7.168-16-16s7.168-16 16-16zM560 832h96c8.8 0 16 7.168 16 16s-7.2 16-16 16h-96c-8.832 0-16-7.168-16-16s7.168-16 16-16z"
				],
				"attrs": [],
				"isMulticolor": false,
				"tags": [
					"checked",
					"checkmark",
					"tick",
					"checkbox"
				],
				"grid": 32
			},
			"attrs": [],
			"properties": {
				"id": 322,
				"order": 33,
				"prevSize": 32,
				"code": 58896,
				"name": "checked"
			},
			"setIdx": 2,
			"setId": 23,
			"iconIdx": 8
		},
		{
			"icon": {
				"paths": [
					"M848 864h-96c-8.832 0-16-7.168-16-16s7.168-16 16-16h80v-80c0-8.832 7.168-16 16-16 8.8 0 16 7.168 16 16v96c0 8.832-7.2 16-16 16zM848 672c-8.832 0-16-7.168-16-16v-96c0-8.832 7.168-16 16-16 8.8 0 16 7.168 16 16v96c0 8.832-7.2 16-16 16zM848 480c-8.832 0-16-7.168-16-16v-96c0-8.832 7.168-16 16-16 8.8 0 16 7.168 16 16v96c0 8.832-7.2 16-16 16zM848 288c-8.832 0-16-7.168-16-16v-80h-80c-8.832 0-16-7.168-16-16s7.168-16 16-16h96c8.8 0 16 7.168 16 16v96c0 8.832-7.2 16-16 16zM656 864h-96c-8.832 0-16-7.168-16-16s7.168-16 16-16h96c8.8 0 16 7.168 16 16s-7.2 16-16 16zM656 192h-96c-8.832 0-16-7.168-16-16s7.168-16 16-16h96c8.8 0 16 7.168 16 16s-7.2 16-16 16zM464 192h-96c-8.832 0-16-7.168-16-16s7.168-16 16-16h96c8.8 0 16 7.168 16 16s-7.2 16-16 16zM272 864h-96c-8.832 0-16-7.168-16-16v-96c0-8.832 7.168-16 16-16s16 7.168 16 16v80h80c8.832 0 16 7.168 16 16s-7.168 16-16 16zM272 192h-80v80c0 8.832-7.168 16-16 16s-16-7.168-16-16v-96c0-8.832 7.168-16 16-16h96c8.832 0 16 7.168 16 16s-7.168 16-16 16zM176 352c8.832 0 16 7.168 16 16v96c0 8.832-7.168 16-16 16s-16-7.168-16-16v-96c0-8.832 7.168-16 16-16zM176 544c8.832 0 16 7.168 16 16v96c0 8.832-7.168 16-16 16s-16-7.168-16-16v-96c0-8.832 7.168-16 16-16zM663.552 631.136l-32.448 32.448c-5.952 5.984-15.616 5.984-21.6 0l-91.84-91.84-91.84 91.84c-5.984 5.984-15.616 5.984-21.6 0l-32.416-32.448c-5.984-5.984-5.984-15.616 0-21.6l91.872-91.84-91.872-91.84c-5.984-5.952-5.984-15.616 0-21.6l32.416-32.416c5.984-5.984 15.616-5.984 21.6 0l91.84 91.84 91.84-91.84c5.984-5.984 15.648-5.984 21.6 0l32.448 32.416c5.952 5.984 5.952 15.648 0 21.6l-91.872 91.84 91.872 91.84c5.952 5.952 5.952 15.616 0 21.6zM368 832h96c8.8 0 16 7.168 16 16s-7.2 16-16 16h-96c-8.832 0-16-7.168-16-16s7.168-16 16-16z"
				],
				"attrs": [],
				"isMulticolor": false,
				"tags": [
					"error",
					"cancel",
					"close",
					"partially checked"
				],
				"grid": 32
			},
			"attrs": [],
			"properties": {
				"id": 323,
				"order": 34,
				"prevSize": 32,
				"code": 58897,
				"name": "error"
			},
			"setIdx": 2,
			"setId": 23,
			"iconIdx": 9
		},
		{
			"icon": {
				"paths": [
					"M626.784 512.032l195.072 195.072c12.672 12.672 12.672 33.248 0 45.92l-68.832 68.832c-12.672 12.672-33.216 12.672-45.92 0l-195.104-195.072-195.104 195.072c-12.672 12.672-33.216 12.672-45.888 0l-68.864-68.832c-12.672-12.672-12.672-33.216 0-45.92l195.104-195.072-195.104-195.104c-12.672-12.672-12.672-33.248 0-45.92l68.896-68.832c12.672-12.672 33.216-12.672 45.888 0l195.072 195.104 195.104-195.104c12.672-12.672 33.216-12.672 45.92 0l68.832 68.864c12.672 12.672 12.672 33.216 0 45.92l-195.072 195.072z"
				],
				"tags": [
					"cancel",
					"close",
					"remove",
					"dismiss"
				],
				"grid": 32,
				"attrs": []
			},
			"attrs": [],
			"properties": {
				"id": 96,
				"order": 40,
				"prevSize": 32,
				"code": 58905,
				"name": "cancel"
			},
			"setIdx": 15,
			"setId": 10,
			"iconIdx": 96
		},
		{
			"icon": {
				"paths": [
					"M1021.248 172.8l-93.248 371.2c0 4.448-0.896 8.64-2.496 12.448-3.264 7.68-9.376 13.824-17.024 17.056-3.84 1.632-8.064 2.496-12.48 2.496h-608l25.6 128h550.4c17.696 0 32 14.304 32 32s-14.304 32-32 32h-576c-17.696 0-32-14.304-32-32l-121.6-608h-102.4c-17.664 0-32-14.336-32-32s14.336-32 32-32h128c17.696 0 32 14.336 32 32l6.4 32h793.6c17.696 0 32 14.336 32 32 0 4.576-1.024 8.864-2.752 12.8zM275.2 512h108.8v-320h-172.8l64 320zM576 192h-160v320h160v-320zM768 192h-160v320h160v-320zM800 192v320h72.096l81.056-320h-153.152zM352 832c53.024 0 96 43.008 96 96s-42.976 96-96 96-96-43.008-96-96 42.976-96 96-96zM352 960c17.696 0 32-14.304 32-32s-14.304-32-32-32-32 14.304-32 32 14.304 32 32 32zM800 832c53.024 0 96 43.008 96 96s-42.976 96-96 96-96-43.008-96-96 42.976-96 96-96zM800 960c17.696 0 32-14.304 32-32s-14.304-32-32-32-32 14.304-32 32 14.304 32 32 32z"
				],
				"attrs": [],
				"isMulticolor": false,
				"tags": [
					"cart",
					"shopping",
					"ecommerce",
					"buy",
					"purchase"
				],
				"grid": 16
			},
			"attrs": [],
			"properties": {
				"id": 8,
				"order": 6,
				"prevSize": 32,
				"code": 58883,
				"name": "cart"
			},
			"setIdx": 2,
			"setId": 23,
			"iconIdx": 22
		},
		{
			"icon": {
				"paths": [
					"M128 320v640c0 35.2 28.8 64 64 64h576c35.2 0 64-28.8 64-64v-640h-704zM320 896h-64v-448h64v448zM448 896h-64v-448h64v448zM576 896h-64v-448h64v448zM704 896h-64v-448h64v448z",
					"M848 128h-208v-80c0-26.4-21.6-48-48-48h-224c-26.4 0-48 21.6-48 48v80h-208c-26.4 0-48 21.6-48 48v80h832v-80c0-26.4-21.6-48-48-48zM576 128h-192v-63.198h192v63.198z"
				],
				"attrs": [],
				"isMulticolor": false,
				"tags": [
					"bin",
					"trashcan",
					"remove",
					"delete",
					"recycle",
					"dispose"
				],
				"defaultCode": 57938,
				"grid": 16
			},
			"attrs": [],
			"properties": {
				"id": 684,
				"order": 21,
				"prevSize": 32,
				"code": 59820,
				"ligatures": "bin, trashcan",
				"name": "bin"
			},
			"setIdx": 2,
			"setId": 23,
			"iconIdx": 23
		},
		{
			"icon": {
				"paths": [
					"M1000.64 889.152l-184.896-184.896c50.688-72.576 80.64-160.704 80.64-255.936 0-247.424-200.64-448-448-448s-448 200.576-448 448c0 247.424 200.576 448 448 448 95.232 0 183.424-29.952 256-80.64l184.896 184.896c30.72 30.72 80.64 30.72 111.36 0s30.72-80.576 0-111.424zM448.32 768.384c-176.704 0-320-143.232-320-320s143.296-320 320-320c176.768 0 320 143.232 320 320 0.064 176.768-143.168 320-320 320z"
				],
				"attrs": [],
				"isMulticolor": false,
				"tags": [
					"search",
					"magnifier"
				],
				"grid": 16
			},
			"attrs": [],
			"properties": {
				"id": 44,
				"order": 27,
				"prevSize": 32,
				"code": 58893,
				"name": "search"
			},
			"setIdx": 2,
			"setId": 23,
			"iconIdx": 24
		},
		{
			"icon": {
				"paths": [
					"M995.828 995.826c-37.566 37.564-98.45 37.564-136.016 0l-169.726-169.726c-69.776 44.764-152.26 71.434-241.318 71.434-247.83 0-448.768-200.908-448.768-448.768s200.938-448.766 448.768-448.766c247.862 0 448.768 200.904 448.768 448.766 0 89.028-26.704 171.542-71.436 241.352l169.728 169.726c37.562 37.564 37.562 98.418 0 135.982zM448.768 128.218c-177.022 0-320.548 143.494-320.548 320.546s143.526 320.548 320.548 320.548c177.052 0 320.548-143.496 320.548-320.548s-143.496-320.546-320.548-320.546z"
				],
				"attrs": [],
				"isMulticolor": false,
				"tags": [
					"search",
					"find",
					"lookup",
					"magnifier"
				],
				"grid": 16
			},
			"attrs": [],
			"properties": {
				"id": 10,
				"order": 28,
				"prevSize": 32,
				"code": 58895,
				"name": "search2"
			},
			"setIdx": 2,
			"setId": 23,
			"iconIdx": 25
		},
		{
			"icon": {
				"paths": [
					"M512 0c-282.752 0-512 229.248-512 512s229.248 512 512 512 512-229.248 512-512-229.248-512-512-512zM432.64 748.256l-235.584-235.616 90.496-90.496 145.056 145.12 307.744-307.744 90.496 90.496-398.208 398.24z"
				],
				"attrs": [],
				"isMulticolor": false,
				"tags": [
					"check-alt",
					"checkmark",
					"tick"
				],
				"grid": 16
			},
			"attrs": [],
			"properties": {
				"id": 10,
				"order": 32,
				"prevSize": 32,
				"code": 58900,
				"name": "check-alt"
			},
			"setIdx": 2,
			"setId": 23,
			"iconIdx": 26
		},
		{
			"icon": {
				"paths": [
					"M960 320l-82.188-82.156-210.562 210.532-91.624-91.624 210.562-210.564-82.188-82.188c0-35.344 28.624-64 64-64h192c35.376 0 64 28.656 64 64v192c0 35.376-28.624 64-64 64zM320 960c0 35.376-28.624 64-64 64h-192c-35.376 0-64-28.624-64-64v-192c0-35.376 28.624-64 64-64l82.188 82.188 210.562-210.562 91.624 91.624-210.562 210.626 82.188 82.124z"
				],
				"tags": [
					"maximize",
					"resize",
					"arrows",
					"expand"
				],
				"grid": 16,
				"attrs": []
			},
			"attrs": [],
			"properties": {
				"id": 9,
				"order": 62,
				"prevSize": 32,
				"code": 58902,
				"name": "maximize"
			},
			"setIdx": 22,
			"setId": 1,
			"iconIdx": 9
		},
		{
			"icon": {
				"paths": [
					"M950.857 859.429v-438.857q-18.286 20.571-39.429 37.714-153.143 117.714-243.429 193.143-29.143 24.571-47.429 38.286t-49.429 27.714-58.571 14h-1.143q-27.429 0-58.571-14t-49.429-27.714-47.429-38.286q-90.286-75.429-243.429-193.143-21.143-17.143-39.429-37.714v438.857q0 7.429 5.429 12.857t12.857 5.429h841.143q7.429 0 12.857-5.429t5.429-12.857zM950.857 258.857v-14t-0.286-7.429-1.714-7.143-3.143-5.143-5.143-4.286-8-1.429h-841.143q-7.429 0-12.857 5.429t-5.429 12.857q0 96 84 162.286 110.286 86.857 229.143 181.143 3.429 2.857 20 16.857t26.286 21.429 25.429 18 28.857 15.714 24.571 5.143h1.143q11.429 0 24.571-5.143t28.857-15.714 25.429-18 26.286-21.429 20-16.857q118.857-94.286 229.143-181.143 30.857-24.571 57.429-66t26.571-75.143zM1024 237.714v621.714q0 37.714-26.857 64.571t-64.571 26.857h-841.143q-37.714 0-64.571-26.857t-26.857-64.571v-621.714q0-37.714 26.857-64.571t64.571-26.857h841.143q37.714 0 64.571 26.857t26.857 64.571z"
				],
				"attrs": [],
				"isMulticolor": false,
				"tags": [
					"envelope-o"
				],
				"defaultCode": 61443,
				"grid": 14
			},
			"attrs": [],
			"properties": {
				"id": 3,
				"order": 8,
				"prevSize": 28,
				"code": 61443,
				"name": "envelope-o"
			},
			"setIdx": 2,
			"setId": 23,
			"iconIdx": 27
		},
		{
			"icon": {
				"paths": [
					"M950.857 347.429v402.286q0 52.571-37.714 90.286t-90.286 37.714h-694.857q-52.571 0-90.286-37.714t-37.714-90.286v-548.571q0-52.571 37.714-90.286t90.286-37.714h182.857q52.571 0 90.286 37.714t37.714 90.286v18.286h384q52.571 0 90.286 37.714t37.714 90.286z"
				],
				"width": 951,
				"attrs": [],
				"isMulticolor": false,
				"tags": [
					"folder"
				],
				"defaultCode": 61563,
				"grid": 14
			},
			"attrs": [],
			"properties": {
				"id": 116,
				"order": 16,
				"prevSize": 28,
				"code": 61563,
				"name": "folder"
			},
			"setIdx": 2,
			"setId": 23,
			"iconIdx": 28
		},
		{
			"icon": {
				"paths": [
					"M1073.714 544q0 17.714-17.714 37.714l-192 226.286q-24.571 29.143-68.857 49.429t-82 20.286h-621.714q-19.429 0-34.571-7.429t-15.143-24.571q0-17.714 17.714-37.714l192-226.286q24.571-29.143 68.857-49.429t82-20.286h621.714q19.429 0 34.571 7.429t15.143 24.571zM877.714 347.429v91.429h-475.429q-53.714 0-112.571 27.143t-93.714 68.286l-195.429 229.714q0-2.286-0.286-7.143t-0.286-7.143v-548.571q0-52.571 37.714-90.286t90.286-37.714h182.857q52.571 0 90.286 37.714t37.714 90.286v18.286h310.857q52.571 0 90.286 37.714t37.714 90.286z"
				],
				"width": 1097,
				"attrs": [],
				"isMulticolor": false,
				"tags": [
					"folder-open"
				],
				"defaultCode": 61564,
				"grid": 14
			},
			"attrs": [],
			"properties": {
				"id": 117,
				"order": 15,
				"prevSize": 28,
				"code": 61564,
				"name": "folder-open"
			},
			"setIdx": 2,
			"setId": 23,
			"iconIdx": 29
		},
		{
			"icon": {
				"paths": [
					"M877.714 749.714v-402.286q0-22.857-16-38.857t-38.857-16h-402.286q-22.857 0-38.857-16t-16-38.857v-36.571q0-22.857-16-38.857t-38.857-16h-182.857q-22.857 0-38.857 16t-16 38.857v548.571q0 22.857 16 38.857t38.857 16h694.857q22.857 0 38.857-16t16-38.857zM950.857 347.429v402.286q0 52.571-37.714 90.286t-90.286 37.714h-694.857q-52.571 0-90.286-37.714t-37.714-90.286v-548.571q0-52.571 37.714-90.286t90.286-37.714h182.857q52.571 0 90.286 37.714t37.714 90.286v18.286h384q52.571 0 90.286 37.714t37.714 90.286z"
				],
				"width": 951,
				"attrs": [],
				"isMulticolor": false,
				"tags": [
					"folder-o"
				],
				"defaultCode": 61716,
				"grid": 14
			},
			"attrs": [],
			"properties": {
				"id": 247,
				"order": 13,
				"prevSize": 28,
				"code": 61716,
				"name": "folder-o"
			},
			"setIdx": 2,
			"setId": 23,
			"iconIdx": 30
		},
		{
			"icon": {
				"paths": [
					"M1017.714 532q0-20-30.286-20h-621.714q-22.857 0-48.857 12.286t-40.857 30l-168 207.429q-10.286 13.714-10.286 22.857 0 20 30.286 20h621.714q22.857 0 49.143-12.571t40.571-30.286l168-207.429q10.286-12.571 10.286-22.286zM365.714 438.857h438.857v-91.429q0-22.857-16-38.857t-38.857-16h-329.143q-22.857 0-38.857-16t-16-38.857v-36.571q0-22.857-16-38.857t-38.857-16h-182.857q-22.857 0-38.857 16t-16 38.857v487.429l146.286-180q25.143-30.286 66.286-50t80-19.714zM1090.857 532q0 35.429-26.286 68.571l-168.571 207.429q-24.571 30.286-66.286 50t-80 19.714h-621.714q-52.571 0-90.286-37.714t-37.714-90.286v-548.571q0-52.571 37.714-90.286t90.286-37.714h182.857q52.571 0 90.286 37.714t37.714 90.286v18.286h310.857q52.571 0 90.286 37.714t37.714 90.286v91.429h109.714q30.857 0 56.571 14t38.286 40.286q8.571 18.286 8.571 38.857z"
				],
				"width": 1097,
				"attrs": [],
				"isMulticolor": false,
				"tags": [
					"folder-open-o"
				],
				"defaultCode": 61717,
				"grid": 14
			},
			"attrs": [],
			"properties": {
				"id": 248,
				"order": 14,
				"prevSize": 28,
				"code": 61717,
				"name": "folder-open-o"
			},
			"setIdx": 2,
			"setId": 23,
			"iconIdx": 31
		},
		{
			"icon": {
				"paths": [
					"M0 530.286v-109.714q0-22.857 16-38.857t38.857-16h109.714q22.857 0 38.857 16t16 38.857v109.714q0 22.857-16 38.857t-38.857 16h-109.714q-22.857 0-38.857-16t-16-38.857zM292.571 530.286v-109.714q0-22.857 16-38.857t38.857-16h109.714q22.857 0 38.857 16t16 38.857v109.714q0 22.857-16 38.857t-38.857 16h-109.714q-22.857 0-38.857-16t-16-38.857zM585.143 530.286v-109.714q0-22.857 16-38.857t38.857-16h109.714q22.857 0 38.857 16t16 38.857v109.714q0 22.857-16 38.857t-38.857 16h-109.714q-22.857 0-38.857-16t-16-38.857z"
				],
				"width": 805,
				"attrs": [],
				"isMulticolor": false,
				"tags": [
					"ellipsis-h"
				],
				"defaultCode": 61761,
				"grid": 14
			},
			"attrs": [],
			"properties": {
				"id": 287,
				"order": 25,
				"prevSize": 28,
				"code": 61761,
				"name": "ellipsis-h"
			},
			"setIdx": 2,
			"setId": 23,
			"iconIdx": 32
		},
		{
			"icon": {
				"paths": [
					"M0 822.857v-109.714q0-22.857 16-38.857t38.857-16h109.714q22.857 0 38.857 16t16 38.857v109.714q0 22.857-16 38.857t-38.857 16h-109.714q-22.857 0-38.857-16t-16-38.857zM0 530.286v-109.714q0-22.857 16-38.857t38.857-16h109.714q22.857 0 38.857 16t16 38.857v109.714q0 22.857-16 38.857t-38.857 16h-109.714q-22.857 0-38.857-16t-16-38.857zM0 237.714v-109.714q0-22.857 16-38.857t38.857-16h109.714q22.857 0 38.857 16t16 38.857v109.714q0 22.857-16 38.857t-38.857 16h-109.714q-22.857 0-38.857-16t-16-38.857z"
				],
				"width": 219,
				"attrs": [],
				"isMulticolor": false,
				"tags": [
					"ellipsis-v"
				],
				"defaultCode": 61762,
				"grid": 14
			},
			"attrs": [],
			"properties": {
				"id": 288,
				"order": 24,
				"prevSize": 28,
				"code": 61762,
				"name": "ellipsis-v"
			},
			"setIdx": 2,
			"setId": 23,
			"iconIdx": 33
		},
		{
			"icon": {
				"paths": [
					"M292.571 713.143v109.714q0 22.857-16 38.857t-38.857 16h-182.857q-22.857 0-38.857-16t-16-38.857v-109.714q0-22.857 16-38.857t38.857-16h182.857q22.857 0 38.857 16t16 38.857zM292.571 420.571v109.714q0 22.857-16 38.857t-38.857 16h-182.857q-22.857 0-38.857-16t-16-38.857v-109.714q0-22.857 16-38.857t38.857-16h182.857q22.857 0 38.857 16t16 38.857zM1024 713.143v109.714q0 22.857-16 38.857t-38.857 16h-548.571q-22.857 0-38.857-16t-16-38.857v-109.714q0-22.857 16-38.857t38.857-16h548.571q22.857 0 38.857 16t16 38.857zM292.571 128v109.714q0 22.857-16 38.857t-38.857 16h-182.857q-22.857 0-38.857-16t-16-38.857v-109.714q0-22.857 16-38.857t38.857-16h182.857q22.857 0 38.857 16t16 38.857zM1024 420.571v109.714q0 22.857-16 38.857t-38.857 16h-548.571q-22.857 0-38.857-16t-16-38.857v-109.714q0-22.857 16-38.857t38.857-16h548.571q22.857 0 38.857 16t16 38.857zM1024 128v109.714q0 22.857-16 38.857t-38.857 16h-548.571q-22.857 0-38.857-16t-16-38.857v-109.714q0-22.857 16-38.857t38.857-16h548.571q22.857 0 38.857 16t16 38.857z"
				],
				"attrs": [],
				"isMulticolor": false,
				"tags": [
					"th-list"
				],
				"defaultCode": 61451,
				"grid": 14
			},
			"attrs": [],
			"properties": {
				"id": 11,
				"order": 55,
				"prevSize": 28,
				"code": 61451,
				"name": "th-list"
			},
			"setIdx": 6,
			"setId": 19,
			"iconIdx": 11
		},
		{
			"icon": {
				"paths": [
					"M219.429 804.571q0 45.714-32 77.714t-77.714 32-77.714-32-32-77.714 32-77.714 77.714-32 77.714 32 32 77.714zM219.429 512q0 45.714-32 77.714t-77.714 32-77.714-32-32-77.714 32-77.714 77.714-32 77.714 32 32 77.714zM1024 749.714v109.714q0 7.429-5.429 12.857t-12.857 5.429h-694.857q-7.429 0-12.857-5.429t-5.429-12.857v-109.714q0-7.429 5.429-12.857t12.857-5.429h694.857q7.429 0 12.857 5.429t5.429 12.857zM219.429 219.429q0 45.714-32 77.714t-77.714 32-77.714-32-32-77.714 32-77.714 77.714-32 77.714 32 32 77.714zM1024 457.143v109.714q0 7.429-5.429 12.857t-12.857 5.429h-694.857q-7.429 0-12.857-5.429t-5.429-12.857v-109.714q0-7.429 5.429-12.857t12.857-5.429h694.857q7.429 0 12.857 5.429t5.429 12.857zM1024 164.571v109.714q0 7.429-5.429 12.857t-12.857 5.429h-694.857q-7.429 0-12.857-5.429t-5.429-12.857v-109.714q0-7.429 5.429-12.857t12.857-5.429h694.857q7.429 0 12.857 5.429t5.429 12.857z"
				],
				"attrs": [],
				"isMulticolor": false,
				"tags": [
					"list-ul"
				],
				"defaultCode": 61642,
				"grid": 14
			},
			"attrs": [],
			"properties": {
				"id": 178,
				"order": 56,
				"prevSize": 28,
				"code": 61642,
				"name": "list-ul"
			},
			"setIdx": 6,
			"setId": 19,
			"iconIdx": 178
		},
		{
			"icon": {
				"paths": [
					"M819.2 512c0 28.314-2.458 51.2-30.771 51.2h-225.229v225.229c0 28.262-22.886 30.771-51.2 30.771s-51.2-2.509-51.2-30.771v-225.229h-225.229c-28.262 0-30.771-22.886-30.771-51.2s2.509-51.2 30.771-51.2h225.229v-225.229c0-28.314 22.886-30.771 51.2-30.771s51.2 2.458 51.2 30.771v225.229h225.229c28.314 0 30.771 22.886 30.771 51.2z"
				],
				"attrs": [],
				"isMulticolor": false,
				"tags": [
					"plus"
				],
				"grid": 20
			},
			"attrs": [],
			"properties": {
				"id": 247,
				"order": 12,
				"prevSize": 20,
				"code": 58888,
				"name": "plus"
			},
			"setIdx": 2,
			"setId": 23,
			"iconIdx": 34
		},
		{
			"icon": {
				"paths": [
					"M153.6 399.36c-62.208 0-112.64 50.432-112.64 112.64 0 62.208 50.432 112.64 112.64 112.64s112.64-50.432 112.64-112.64c0-62.208-50.432-112.64-112.64-112.64zM512 399.36c-62.208 0-112.64 50.432-112.64 112.64 0 62.208 50.432 112.64 112.64 112.64s112.589-50.432 112.589-112.64c0-62.208-50.381-112.64-112.589-112.64zM870.4 399.36c-62.208 0-112.64 50.432-112.64 112.64 0 62.208 50.432 112.64 112.64 112.64s112.64-50.432 112.64-112.64c0-62.208-50.432-112.64-112.64-112.64z"
				],
				"attrs": [],
				"isMulticolor": false,
				"tags": [
					"ellipsis",
					"dots",
					"circles"
				],
				"grid": 20
			},
			"attrs": [],
			"properties": {
				"id": 222,
				"order": 23,
				"prevSize": 20,
				"code": 58889,
				"name": "ellipsis"
			},
			"setIdx": 2,
			"setId": 23,
			"iconIdx": 35
		},
		{
			"icon": {
				"paths": [
					"M409.6 614.4h204.8v-307.2h153.6l-256-256-256 256h153.6v307.2zM990.106 692.838c-10.752-11.469-82.483-88.218-102.963-108.237-13.568-13.261-32.973-21.402-53.35-21.402h-89.958l156.877 153.293h-181.453c-5.222 0-9.933 2.662-12.288 6.81l-41.779 95.898h-306.381l-41.779-95.898c-2.355-4.147-7.117-6.81-12.288-6.81h-181.453l156.826-153.293h-89.907c-20.326 0-39.731 8.141-53.35 21.402-20.48 20.070-92.211 96.819-102.963 108.237-25.037 26.675-38.81 47.923-32.256 74.189l28.723 157.389c6.554 26.317 35.379 47.923 64.102 47.923h835.174c28.723 0 57.549-21.606 64.102-47.923l28.723-157.389c6.451-26.266-7.27-47.514-32.358-74.189z"
				],
				"attrs": [],
				"isMulticolor": false,
				"tags": [
					"upload"
				],
				"grid": 20
			},
			"attrs": [],
			"properties": {
				"id": 86,
				"order": 60,
				"prevSize": 20,
				"code": 58903,
				"name": "upload"
			},
			"setIdx": 7,
			"setId": 18,
			"iconIdx": 86
		},
		{
			"icon": {
				"paths": [
					"M734.669 673.382l-141.21-161.382 141.21-161.382c24.013-24.013 24.013-62.925 0-86.886-24.013-23.962-62.925-23.962-86.886 0l-135.782 155.187-135.731-155.136c-24.013-24.013-62.925-24.013-86.886 0-23.962 24.013-23.962 62.925 0 86.886l141.158 161.331-141.21 161.382c-23.962 24.013-23.962 62.822 0 86.784 24.013 24.013 62.925 24.013 86.886 0l135.782-155.085 135.731 155.085c24.013 24.013 62.925 24.013 86.886 0s24.013-62.771 0.051-86.784z"
				],
				"tags": [
					"cross",
					"cancel",
					"close",
					"remove",
					"delete"
				],
				"grid": 20,
				"attrs": []
			},
			"attrs": [],
			"properties": {
				"id": 120,
				"order": 41,
				"prevSize": 20,
				"code": 58916,
				"name": "cross"
			},
			"setIdx": 23,
			"setId": 0,
			"iconIdx": 120
		},
		{
			"icon": {
				"paths": [
					"M0 853.334c0 47.146 38.186 85.334 85.334 85.334h853.334c47.146 0 85.334-38.186 85.334-85.334l-0.002-576c0-47.146-38.186-85.334-85.334-85.334h-426.666v-38.4c0-26.026-20.906-46.934-46.934-46.934h-226.132c-26.028 0-46.934 20.908-46.934 46.934v635.734c0 23.466-19.2 42.666-42.666 42.666s-42.666-19.2-42.666-42.666l-0.002-544c0-29.44-23.892-53.334-53.332-53.334s-53.334 23.894-53.334 53.334v608z"
				],
				"attrs": [],
				"isMulticolor": false,
				"tags": [
					"folder",
					"category",
					"directory"
				],
				"grid": 48
			},
			"attrs": [],
			"properties": {
				"id": 65,
				"order": 17,
				"prevSize": 48,
				"code": 58890,
				"name": "folder2"
			},
			"setIdx": 2,
			"setId": 23,
			"iconIdx": 36
		},
		{
			"icon": {
				"paths": [
					"M930.909 1024h-837.818c-51.386 0-93.091-41.705-93.091-93.091v-837.818c0-51.386 41.705-93.091 93.091-93.091h698.182l-93.091 93.091h-605.091v837.818h837.818v-605.091l93.091-93.091v698.182c0 51.386-41.705 93.091-93.091 93.091zM872.727 81.455l81.455-81.455c0 0 69.818-1.443 69.818 68.375l-82.106 82.292-69.167-69.213zM418.909 605.091v-69.818l34.909-34.909 69.772 69.772-34.863 34.956h-69.818zM895.441 197.26l-348.625 349.556-69.725-69.725 349.091-349.091 69.26 69.26z"
				],
				"attrs": [],
				"isMulticolor": false,
				"tags": [
					"pencil",
					"write",
					"blog",
					"edit"
				],
				"grid": 22
			},
			"attrs": [],
			"properties": {
				"id": 39,
				"order": 19,
				"prevSize": 22,
				"code": 58891,
				"name": "pencil"
			},
			"setIdx": 2,
			"setId": 23,
			"iconIdx": 37
		},
		{
			"icon": {
				"paths": [
					"M910.284 625.778c-31.445 0-56.889 25.472-56.889 56.889v142.222c0 15.708-12.75 28.444-28.444 28.444h-625.888c-15.723 0-28.444-12.736-28.444-28.444v-625.778c0-15.708 12.722-28.444 28.444-28.444h142.222c31.445 0 56.917-25.472 56.917-56.889s-25.474-56.889-56.917-56.889h-227.556c-31.445 0-56.917 25.472-56.917 56.889v796.444c0 31.417 25.472 56.889 56.917 56.889h796.555c31.445 0 56.889-25.472 56.889-56.889v-227.556c-0-31.417-25.444-56.889-56.889-56.889z",
					"M749.173 193.57l81.305 81.319-338.388 350.889h-93.888v-93.876l350.971-338.332zM749.895 56.889c-14.556 0-29.060 5.541-40.171 16.626l-425.328 410.041v256h256.055l410.112-425.25c22.167-22.167 22.167-58.098 0-80.263l-160.556-160.528c-11.056-11.084-25.611-16.626-40.112-16.626v0z"
				],
				"attrs": [],
				"isMulticolor": false,
				"tags": [
					"write"
				],
				"grid": 18
			},
			"attrs": [],
			"properties": {
				"id": 1,
				"order": 20,
				"prevSize": 18,
				"code": 58892,
				"name": "write"
			},
			"setIdx": 2,
			"setId": 23,
			"iconIdx": 38
		}
	],
	"height": 1024,
	"metadata": {
		"name": "icomoon"
	},
	"preferences": {
		"fontPref": {
			"prefix": "pshop-",
			"metadata": {
				"fontFamily": "icomoon",
				"majorVersion": 1,
				"minorVersion": 0
			},
			"showGlyphs": true,
			"metrics": {
				"emSize": 512,
				"baseline": 6.25,
				"whitespace": 50
			},
			"resetPoint": 58880,
			"showQuickUse": true,
			"quickUsageToken": false,
			"showMetrics": true,
			"showMetadata": false,
			"includeMetadata": false,
			"embed": false,
			"showSelector": false
		},
		"imagePref": {
			"color": 0,
			"height": 64,
			"columns": 16,
			"margin": 16,
			"png": true,
			"sprites": true
		},
		"historySize": 100,
		"showCodes": true,
		"gridSize": 16,
		"showLiga": false,
		"showGrid": true,
		"showGlyphs": true,
		"showQuickUse": true,
		"search": "",
		"showQuickUse2": true,
		"showSVGs": true
	}
}